numero,fecha,hora,archivo,tema
1,2026-09-23,inmediata,"01-acompanamiento-desde-el-primer-paso.png","Acompanamiento desde el primer paso"
2,2026-09-24,19:00,"02-progresar-con-un-objetivo-claro.png","Progresar con un objetivo claro"
3,2026-09-25,19:00,"03-la-base-antes-de-los-saltos.png","La base antes de los saltos"
4,2026-09-26,19:00,"04-tu-primera-clase-en-la-boquilla.png","Tu primera clase en La Boquilla"
5,2026-09-27,19:00,"05-el-water-start-explicado-sin-prisa.png","El water start explicado sin prisa"
6,2026-09-28,19:00,"06-navegar-contra-el-viento.png","Navegar contra el viento"
7,2026-09-29,19:00,"07-seguridad-antes-de-despegar.png","Seguridad antes de despegar"
8,2026-09-30,19:00,"08-que-hacer-en-una-auto-rescate.png","Qué hacer en una auto-rescate"
9,2026-10-01,19:00,"09-como-leer-el-viento-en-cartagena.png","Cómo leer el viento en Cartagena"
10,2026-10-02,19:00,"10-manana-o-tarde-no-es-lo-mismo.png","Mañana o tarde: no es lo mismo"
11,2026-10-03,19:00,"11-la-boquilla-para-principiantes.png","La Boquilla para principiantes"
12,2026-10-04,19:00,"12-manzanillo-otra-lectura-del-spot.png","Manzanillo: otra lectura del spot"
13,2026-10-05,19:00,"13-que-kite-usar.png","Qué kite usar"
14,2026-10-06,19:00,"14-alquilar-o-traer-tu-equipo.png","Alquilar o traer tu equipo"
15,2026-10-07,19:00,"15-revisa-tus-lineas-y-barra.png","Revisa tus líneas y barra"
16,2026-10-08,19:00,"16-una-rotura-pequena-tambien-cuenta.png","Una rotura pequeña también cuenta"
17,2026-10-09,19:00,"17-cuida-el-equipo-despues-del-mar.png","Cuida el equipo después del mar"
18,2026-10-10,19:00,"18-que-llevar-a-cartagena.png","Qué llevar a Cartagena"
19,2026-10-11,19:00,"19-viajar-con-equipo-en-avion.png","Viajar con equipo en avión"
20,2026-10-12,19:00,"20-que-usar-para-una-clase.png","Qué usar para una clase"
21,2026-10-13,19:00,"21-necesitas-saber-nadar.png","¿Necesitas saber nadar?"
22,2026-10-14,19:00,"22-edad-minima-y-preparacion.png","Edad mínima y preparación"
23,2026-10-15,19:00,"23-clase-privada-o-grupal.png","Clase privada o grupal"
24,2026-10-16,19:00,"24-curso-o-alquiler.png","Curso o alquiler"
25,2026-10-17,19:00,"25-kite-en-pareja.png","Kite en pareja"
26,2026-10-18,19:00,"26-plan-de-kite-en-3-dias.png","Plan de kite en 3 días"
27,2026-10-19,19:00,"27-plan-de-kite-en-5-dias.png","Plan de kite en 5 días"
28,2026-10-20,19:00,"28-plan-de-kite-en-7-dias.png","Plan de kite en 7 días"
29,2026-10-21,19:00,"29-y-si-no-hay-viento.png","¿Y si no hay viento?"
30,2026-10-22,19:00,"30-planea-segun-tu-nivel-real.png","Planea según tu nivel real"
